{
  "uid" : "2b9a97cb04b03cd0",
  "name" : "test[0]",
  "title" : "Общий тест по сортировкам",
  "time" : {
    "start" : 1474492973927,
    "stop" : 1474492974027,
    "duration" : 100
  },
  "summary" : {
    "attachments" : 0,
    "steps" : 2
  },
  "failure" : null,
  "description" : {
    "value" : "Это общий класс\nОбщий тест по сортировкам",
    "type" : "TEXT"
  },
  "severity" : "NORMAL",
  "status" : "PASSED",
  "testId" : null,
  "suite" : {
    "uid" : "ef1b6da827c3a181",
    "name" : "MAV_Sort_P.SortJUnitTest",
    "title" : "Тестирование стандартной и быстрой параллельной сортировки"
  },
  "steps" : [ {
    "name" : "test_ST[10]",
    "title" : "Стандартная сортировка на 10 элементах массива",
    "time" : {
      "start" : 1474492974019,
      "stop" : 1474492974020,
      "duration" : 1
    },
    "summary" : {
      "attachments" : 0,
      "steps" : 0
    },
    "status" : "PASSED",
    "attachments" : [ ],
    "steps" : [ ]
  }, {
    "name" : "test_Q[10]",
    "title" : "Быстрая паральная сортировка на 10 элементах массива",
    "time" : {
      "start" : 1474492974022,
      "stop" : 1474492974025,
      "duration" : 3
    },
    "summary" : {
      "attachments" : 0,
      "steps" : 0
    },
    "status" : "PASSED",
    "attachments" : [ ],
    "steps" : [ ]
  } ],
  "attachments" : [ ],
  "issues" : [ ],
  "labels" : [ {
    "name" : "host",
    "value" : "MAV-PC"
  }, {
    "name" : "thread",
    "value" : "3508@MAV-PC.main(1)"
  }, {
    "name" : "suite-name",
    "value" : "MAV_Sort_P.SortJUnitTest"
  }, {
    "name" : "suite-title",
    "value" : "Тестирование стандартной и быстрой параллельной сортировки"
  }, {
    "name" : "framework",
    "value" : "JUnit"
  }, {
    "name" : "language",
    "value" : "JAVA"
  } ],
  "parameters" : [ ]
}