{
  "features" : [ {
    "title" : "Without feature",
    "statistic" : {
      "total" : 7,
      "passed" : 7,
      "pending" : 0,
      "canceled" : 0,
      "failed" : 0,
      "broken" : 0
    },
    "stories" : [ {
      "uid" : "9cb1391f7fe299d",
      "title" : "Without story",
      "statistic" : {
        "total" : 7,
        "passed" : 7,
        "pending" : 0,
        "canceled" : 0,
        "failed" : 0,
        "broken" : 0
      },
      "testCases" : [ {
        "uid" : "2b9a97cb04b03cd0",
        "name" : "test[0]",
        "title" : "Общий тест по сортировкам",
        "time" : {
          "start" : 1474492973927,
          "stop" : 1474492974027,
          "duration" : 100
        },
        "severity" : "NORMAL",
        "status" : "PASSED"
      }, {
        "uid" : "92f54601b39c1afd",
        "name" : "test[1]",
        "title" : "Общий тест по сортировкам",
        "time" : {
          "start" : 1474492974030,
          "stop" : 1474492974034,
          "duration" : 4
        },
        "severity" : "NORMAL",
        "status" : "PASSED"
      }, {
        "uid" : "f33b624a4518e9fd",
        "name" : "test[2]",
        "title" : "Общий тест по сортировкам",
        "time" : {
          "start" : 1474492974035,
          "stop" : 1474492974040,
          "duration" : 5
        },
        "severity" : "NORMAL",
        "status" : "PASSED"
      }, {
        "uid" : "d1ba816dc46f1943",
        "name" : "test[3]",
        "title" : "Общий тест по сортировкам",
        "time" : {
          "start" : 1474492974041,
          "stop" : 1474492974053,
          "duration" : 12
        },
        "severity" : "NORMAL",
        "status" : "PASSED"
      }, {
        "uid" : "244a809659319cd5",
        "name" : "test[4]",
        "title" : "Общий тест по сортировкам",
        "time" : {
          "start" : 1474492974054,
          "stop" : 1474492977393,
          "duration" : 3339
        },
        "severity" : "NORMAL",
        "status" : "PASSED"
      }, {
        "uid" : "176c6ee6c270cfc3",
        "name" : "test[5]",
        "title" : "Общий тест по сортировкам",
        "time" : {
          "start" : 1474492977394,
          "stop" : 1474492978056,
          "duration" : 662
        },
        "severity" : "NORMAL",
        "status" : "PASSED"
      }, {
        "uid" : "abdea61b75dc9af0",
        "name" : "test[6]",
        "title" : "Общий тест по сортировкам",
        "time" : {
          "start" : 1474492978057,
          "stop" : 1474492986828,
          "duration" : 8771
        },
        "severity" : "NORMAL",
        "status" : "PASSED"
      } ]
    } ]
  } ]
}